{
  "CreatedAt": "2026-05-05T23:27:41.1844698+09:00",
  "ImageWidth": 1280,
  "ImageHeight": 720,
  "SquaresX": 10,
  "SquaresY": 7,
  "SquareLengthMm": 22,
  "MarkerLengthMm": 16,
  "Dictionary": "Dict4X4_50",
  "SampleCount": 84,
  "RmsReprojectionError": 0.22705575664347616,
  "CameraMatrix": [
    [
      1725.9438677145445,
      0,
      577.0542677699348
    ],
    [
      0,
      1722.7742558813975,
      334.6794264965953
    ],
    [
      0,
      0,
      1
    ]
  ],
  "DistCoeffs": [
    0.3042908189526304,
    -3.3618463866828012,
    -0.0005701121384134999,
    -0.01816435355328287,
    19.71007900395794
  ]
}